{
  "Tier 1 - Binary (Cargo vs Not Cargo)": {
    "os1": {
      "train_loss": [
        0.45687785346446363,
        0.427703185841955,
        0.4182235371835273,
        0.40696456476018344,
        0.405856026465009,
        0.39594963141556444,
        0.3937291294207861,
        0.3855485578934694,
        0.38129032762913867,
        0.3746701592001422
      ],
      "val_loss": [
        0.4254174736492774,
        0.41817352745462866,
        0.4077487263609381,
        0.4123360895935227,
        0.420392405899132,
        0.4179307358229862,
        0.395928454311455,
        0.4192030228236142,
        0.39855725274366494,
        0.4283829725840512
      ],
      "train_acc": [
        79.1644204851752,
        80.98382749326146,
        80.92991913746631,
        81.7654986522911,
        81.98113207547169,
        82.06199460916442,
        82.6010781671159,
        82.99191374663073,
        82.74932614555256,
        82.64150943396227
      ],
      "val_acc": [
        80.11310084825637,
        79.83034872761546,
        82.09236569274269,
        80.67860508953817,
        81.24410933081998,
        81.52686145146089,
        83.22337417530632,
        79.73609802073516,
        81.52686145146089,
        80.77285579641847
      ]
    },
    "os2": {
      "train_loss": [
        0.6064702793329704,
        0.575907444503127,
        0.5604544387979,
        0.5492891030652183,
        0.5385765453346637,
        0.5288550049817863,
        0.52725402372224,
        0.5170717159239184,
        0.5077095935825541,
        0.5026016131001694
      ],
      "val_loss": [
        0.6048631679778006,
        0.5782025678485048,
        0.5528941534313501,
        0.5710188991883222,
        0.5458959896190494,
        0.5445330768239265,
        0.5891206562519073,
        0.5413650841105218,
        0.5441961703347225,
        0.5408123749143937
      ],
      "train_acc": [
        67.43594243594244,
        69.6911196911197,
        71.2004212004212,
        71.43734643734643,
        72.55177255177256,
        73.20989820989821,
        73.2976482976483,
        73.71007371007371,
        74.5085995085995,
        74.51737451737452
      ],
      "val_acc": [
        65.9090909090909,
        70.63882063882063,
        69.96314496314497,
        68.85749385749386,
        72.35872235872236,
        71.06879606879608,
        68.61179361179362,
        71.74447174447174,
        72.78869778869779,
        72.72727272727273
      ]
    },
    "fusar": {
      "train_loss": [
        0.49641365877219606,
        0.4003608128322022,
        0.3661678185952561,
        0.34992679860442877,
        0.3412494876288942,
        0.31606217646705254,
        0.3140207513102463,
        0.29895140656403135,
        0.27759881344224724,
        0.277666982795511
      ],
      "val_loss": [
        0.41224274411797523,
        0.36900969594717026,
        0.32735826447606087,
        0.3024956490844488,
        0.30448686331510544,
        0.32911973539739847,
        0.320373292081058,
        0.3465798953548074,
        0.3682270459830761,
        0.3410766953602433
      ],
      "train_acc": [
        74.42577030812325,
        81.42857142857143,
        83.8375350140056,
        83.89355742296918,
        85.12605042016807,
        85.91036414565826,
        86.02240896358543,
        86.27450980392157,
        88.43137254901961,
        87.98319327731092
      ],
      "val_acc": [
        80.0,
        81.76470588235294,
        85.68627450980392,
        86.07843137254902,
        85.88235294117646,
        84.31372549019608,
        84.70588235294117,
        84.31372549019608,
        83.33333333333333,
        84.50980392156863
      ]
    },
    "joint": {
      "train_loss": [
        0.562467292036329,
        0.5142017559068544,
        0.499047164108072,
        0.48726736345461436,
        0.4794393797005926,
        0.47205882745129724,
        0.4626778729047094,
        0.4567153146862984,
        0.4513560613138335,
        0.44427970562662394
      ],
      "val_loss": [
        0.5062326693534851,
        0.4954926797747612,
        0.4794457471370697,
        0.4870899498462677,
        0.47428920209407804,
        0.4776995940506458,
        0.4730373865365982,
        0.47280080169439315,
        0.4573729732632637,
        0.4507014356553555
      ],
      "train_acc": [
        70.98762674766606,
        74.17251083217938,
        75.13735650154108,
        75.97266270603475,
        76.5935587617814,
        76.67842944566043,
        77.19212042703354,
        77.9336221914504,
        78.12569794970295,
        78.25077053647206
      ],
      "val_acc": [
        74.89840575179744,
        74.96092528915285,
        76.36761487964989,
        75.80493904345109,
        77.05532979055955,
        76.52391372303845,
        77.11784932791497,
        76.77399187246014,
        77.49296655204752,
        77.9931228508909
      ]
    }
  },
  "Tier 2 - Multi-Class (Non-Cargo Types)": {
    "os1": {
      "train_loss": [
        0.9960759040855226,
        0.7462177148887089,
        0.710663541441872,
        0.6755811536595935,
        0.640440644962447,
        0.6354633782591138,
        0.596960858929725,
        0.592019089630672,
        0.5604558267763683,
        0.5151999514727366
      ],
      "val_loss": [
        0.7784689764181772,
        0.6745968759059906,
        0.678333063920339,
        0.6208167473475138,
        0.6890813211599985,
        0.6158303022384644,
        0.6493086069822311,
        0.5902467866738638,
        0.6745504240194956,
        0.6696885327498118
      ],
      "train_acc": [
        63.1578947368421,
        73.00751879699249,
        73.6842105263158,
        74.88721804511279,
        76.46616541353383,
        76.01503759398496,
        78.27067669172932,
        77.06766917293233,
        78.7218045112782,
        81.35338345864662
      ],
      "val_acc": [
        73.15789473684211,
        77.89473684210526,
        77.36842105263158,
        78.42105263157895,
        74.73684210526316,
        79.47368421052632,
        78.94736842105263,
        80.52631578947368,
        78.42105263157895,
        77.89473684210526
      ]
    },
    "os2": {
      "train_loss": [
        0.8830903269742665,
        0.7314927345828006,
        0.7113021863134283,
        0.6974616863225636,
        0.654682069075735,
        0.6481660915048499,
        0.6345209742847242,
        0.5991075365166915,
        0.5931577553874567,
        0.5623982294609672
      ],
      "val_loss": [
        0.7881663399083274,
        0.7391185973371778,
        0.7906777007239205,
        0.7343310330595288,
        0.7036861564431872,
        0.746214781488691,
        0.7100693349327359,
        0.7872648068836757,
        0.7498364448547363,
        0.7263741514512471
      ],
      "train_acc": [
        68.95414054767403,
        75.05773672055427,
        75.02474430880898,
        75.35466842626197,
        76.34444077862092,
        76.6083800725833,
        76.6413724843286,
        77.82909930715935,
        78.35697789508413,
        79.21478060046189
      ],
      "val_acc": [
        73.04147465437788,
        74.65437788018433,
        72.8110599078341,
        72.35023041474655,
        75.57603686635944,
        73.963133640553,
        75.80645161290323,
        72.11981566820276,
        76.49769585253456,
        74.42396313364056
      ]
    },
    "fusar": {
      "train_loss": [
        0.5889570895793304,
        0.38364938716843444,
        0.35233120788943095,
        0.3233930083378306,
        0.34481883316107514,
        0.2923308975010548,
        0.28726955517283026,
        0.2742861379992287,
        0.2550039718735893,
        0.2391638698161773
      ],