{
  "os1": {
    "train_loss": [
      0.6939586445876246,
      0.5934950077134695,
      0.5693811002386165,
      0.5627307103767555,
      0.5489571194269667,
      0.5407477203273374,
      0.5302724242210388,
      0.5217233570799169,
      0.5145518632613465,
      0.5107162765628623,
      0.5004643456831138,
      0.49271423653329266,
      0.4715840608879113,
      0.46608692469955987,
      0.4573340542520938,
      0.4368657025208533,
      0.436735608525356,
      0.4204621493317592,
      0.4065801620358703,
      0.39299925893669846
    ],
    "val_loss": [
      0.5788600709703233,
      0.5638323624928793,
      0.5425240607173355,
      0.5598252250088586,
      0.522539304362403,
      0.536569501514788,
      0.5247358271369228,
      0.5278204182783762,
      0.5325743942349045,
      0.5591855468573393,
      0.5284215211868286,
      0.5231140068283787,
      0.5377221725605152,
      0.5064310387328819,
      0.5460993040491033,
      0.5481718911064996,
      0.5327867346781271,
      0.5681715276506212,
      0.5745886696709527,
      0.5866773238888493
    ],
    "train_acc": [
      75.52410901467505,
      78.14465408805032,
      78.83909853249476,
      78.74737945492663,
      78.93081761006289,
      79.57285115303984,
      79.79559748427673,
      79.78249475890985,
      80.43763102725367,
      80.39832285115304,
      81.0796645702306,
      81.04035639412997,
      81.47274633123689,
      82.29821802935011,
      82.7961215932914,
      83.09748427672956,
      82.88784067085953,
      83.5167714884696,
      84.19811320754717,
      84.48637316561845
    ],
    "val_acc": [
      77.97408716136631,
      78.79858657243817,
      78.09187279151944,
      78.68080094228505,
      78.79858657243817,
      78.68080094228505,
      79.74087161366313,
      79.62308598351001,
      79.50530035335689,
      78.56301531213192,
      79.0341578327444,
      80.0942285041225,
      79.0341578327444,
      79.74087161366313,
      80.0942285041225,
      78.20965842167256,
      79.74087161366313,
      79.15194346289752,
      80.32979976442874,
      79.74087161366313
    ]
  },
  "os2": {
    "train_loss": [
      0.8802425106149928,
      0.8142251082434642,
      0.794039899062071,
      0.7770736834658589,
      0.7645609762915474,
      0.7520635966059298,
      0.7392419406113897,
      0.7206916813954346,
      0.7134489035411492,
      0.6955631635169567,
      0.685237393310999,
      0.6753680861126174,
      0.6561254816743918,
      0.6459183698616495,
      0.631425604752039,
      0.6071829782844564,
      0.6055200013055464,
      0.5880380240383201,
      0.5829691926692422,
      0.5546078805783788
    ],
    "val_loss": [
      0.8127983430536782,
      0.8001515458269817,
      0.8256654223290886,
      0.7962433143359858,
      0.7807890780088378,
      0.8019249766338162,
      0.8162395634302279,
      0.7730473890537168,
      0.7903741467289809,
      0.7746019915836614,
      0.7897624780492085,
      0.7680084305565532,
      0.7706539863493385,
      0.7820862858760648,
      0.7895498857265566,
      0.7849667232211043,
      0.8111685049243089,
      0.7622418214635152,
      0.7878644568164174,
      0.8166028290260129
    ],
    "train_acc": [
      65.7025851036601,
      68.19384011603105,
      68.82518556437164,
      69.9172425560959,
      69.99402781332651,
      70.4035491852231,
      71.04342632881153,
      71.45294770070814,
      71.95631772033103,
      72.70710690214146,
      72.95452606432899,
      73.02277962631175,
      73.98686118931832,
      74.64380172340245,
      75.03625970480334,
      76.06006313454483,
      75.96621448681853,
      76.45252111594574,
      77.28009555498677,
      78.1588601655149
    ],
    "val_acc": [
      69.3783576362241,
      69.68534151957022,
      65.6945510360706,
      68.99462778204145,
      69.1481197237145,
      69.45510360706064,
      65.23407521105142,
      69.3783576362241,
      68.53415195702226,
      70.45280122793554,
      68.68764389869531,
      68.99462778204145,
      69.91557943207981,
      68.99462778204145,
      69.45510360706064,
      68.99462778204145,
      68.07367613200307,
      70.06907137375288,
      70.06907137375288,
      69.60859554873369
    ]
  },
  "fusar": {
    "train_loss": [
      0.8170631478662076,
      0.6324539695097052,
      0.5910474072331967,
      0.5488790315130483,
      0.5245879212151403,
      0.4967060851014179,
      0.4754723634408868,
      0.45986336171627046,
      0.4368395796288615,
      0.4324920099714528,
      0.4074118557183639,
      0.4021355501983477,
      0.37914465626944666,
      0.37605496236811514,
      0.3599735686312551,
      0.3490869085425916,
      0.3164412989564564,
      0.3254961320887441,
      0.29154926421849625,
      0.2956697896770809
    ],
    "val_loss": [
      0.6734787775919988,
      0.6396563832576458,
      0.571987482217642,
      0.6167061718610617,
      0.5994762640732986,
      0.5758820726321294,
      0.5610359586202182,
      0.6357673200277182,
      0.577936440706253,
      0.5543813201097342,
      0.5348998078933129,
      0.6138472694617051,
      0.5554429338528559,
      0.5605954963427323,
      0.5578304529190063,
      0.5873251603199885,
      0.5951118079515604,
      0.7610253393650055,
      0.7218446020896618,
      0.67674509034707
    ],
    "train_acc": [
      67.86492374727669,
      73.72004357298475,
      75.35403050108933,
      77.04248366013071,
      78.9760348583878,
      79.41176470588235,
      80.0925925925926,
      80.61002178649237,
      81.50871459694989,
      82.46187363834423,
      83.36056644880175,
      83.36056644880175,
      83.82352941176471,
      84.99455337690632,
      84.99455337690632,
      85.64814814814815,
      86.76470588235294,
      86.73747276688454,
      88.26252723311546,
      87.55446623093682
    ],
    "val_acc": [
      71.07843137254902,
      73.52941176470588,
      76.96078431372548,
      75.24509803921569,
      76.22549019607843,
      74.01960784313725,
      77.94117647058823,
      69.8529411764706,
      76.22549019607843,
      78.43137254901961,
      78.43137254901961,
      75.49019607843137,
      79.41176470588235,
      79.65686274509804,
      78.67647058823529,
      77.20588235294117,
      80.63725490196079,
      73.52941176470588,
      76.96078431372548,
      78.92156862745098
    ]
  },
  "all": {
    "train_loss": [
      0.8033505666587087,
      0.7368635364290741,
      0.712177870877915,
      0.6942329379833407,
      0.6795878087480863,
      0.6670827709966236,
      0.6588859793212679,
      0.6461335665235917,
      0.6298839991291364,
      0.6212422178851233,
      0.6097328922400872,
      0.5988211861087216,
      0.5849659462355905,
      0.5744655701849196,
      0.5624619859581192,
      0.5539517987519502,
      0.5393651370786958,
      0.5282175550030337,
      0.5165345080610778,
      0.5016581330448389
    ],
    "val_loss": [
      0.7793138738721609,
      0.7053911846131087,
      0.680559079349041,
      0.6858567815274,
      0.6688720602542162,
      0.6751794409006834,
      0.666159825772047,
      0.6612751226872206,
      0.652855959162116,
      0.6535026725381613,
      0.6490817051380873,
      0.6762146573513746,
      0.6446865197271109,
      0.66608771905303,
      0.6809966649860144,
      0.6676688816398382,
      0.6886075422167778,
      0.6915782134979963,
      0.6889999985694886,
      0.6676762390881776
    ],